p1,p2,p3,error,accuracy,ms,status,lberr,relgap
3,3,2,50,50,480071.155029297,11,4.371003349e-16,1