p1,p2,p3,error,accuracy,ms,status,lberr,relgap
3,3,2,52,48,120040.254150391,11,4.371003349e-16,1