p1,p2,p3,error,accuracy,ms,status,lberr,relgap
3,3,2,50,50,601191.171875,11,1.666666667,0.966666667