p1,p2,p3,error,accuracy,ms,status,lberr,relgap
3,3,2,51,49,302587.29296875,11,5.845238095,0.885387488